code,category,use,type_1,type_2,airborne_short,airborne_release,conti_release,surface_volatilization,liquid_contact,spraying_contact,place,N,V,R,Mr,S,t,F_air,A(g/회),n(회/day),tr(min/회),tp(min|번)
A1_1_1_1,세정제1,오븐용,분사형,분무기형,1,0,0,0,0,1,주방,2.5,24.5,0.046,,,46.2,0.02,,,,
A1_1_1_2,세정제1,오븐용,비분사형,액체형,0,0,0,1,1,0,주방,2.5,24.5,,140,,46.2,,,,,
A1_1_1_3,세정제1,오븐용,비분사형,분말형,0,0,0,1,1,0,주방,2.5,24.5,,140,,46.2,,,,,
A1_1_1_4,세정제1,오븐용,비분사형,티슈형,0,0,0,1,1,0,주방,2.5,24.5,,140,,46.2,,,,,
A1_1_2_1,세정제1,렌지후드용,분사형,분무기형,1,0,0,0,0,1,주방,2.5,24.5,0.046,,,46.2,0.02,,,,
A1_1_2_2,세정제1,렌지후드용,비분사형,액체형,0,0,0,1,1,0,주방,2.5,24.5,,140,,46.2,,,,,
A1_1_2_3,세정제1,렌지후드용,비분사형,분말형,0,0,0,1,1,0,주방,2.5,24.5,,140,,46.2,,,,,
A1_1_2_4,세정제1,렌지후드용,비분사형,티슈형,0,0,0,1,1,0,주방,2.5,24.5,,140,,46.2,,,,,
A1_1_3_1,세정제1,욕실용,분사형,분무기형,1,0,0,0,0,1,욕실,2,9.3,0.046,,,39.9,0.02,,,,
A1_1_3_2,세정제1,욕실용,분사형,스프레이형,1,0,0,0,0,1,욕실,2,9.3,0.1,,,39.9,0.3,,,,
A1_1_3_3,세정제1,욕실용,비분사형,액체형,0,0,0,1,1,0,욕실,2,9.3,,132,,39.9,,,,,
A1_1_3_4,세정제1,욕실용,비분사형,분말형,0,0,0,1,1,0,욕실,2,9.3,,132,,39.9,,,,,
A1_1_4_1,세정제1,변기용,분사형,분무기형,1,0,0,0,0,1,욕실,2,9.3,0.046,,,39.9,0.02,,,,
A1_1_4_2,세정제1,변기용,분사형,스프레이형,1,0,0,0,0,1,욕실,2,9.3,0.1,,,39.9,0.3,,,,
A1_1_4_3,세정제1,변기용,비분사형,액체형,0,0,0,1,1,0,욕실,2,9.3,,124,,39.9,,,,,
A1_1_4_4,세정제1,변기용,비분사형,분말형,0,0,0,1,1,0,욕실,2,9.3,,124,,39.9,,,,,
A1_1_5_1,세정제1,카페트용,분사형,분무기형,1,0,0,0,0,1,거실,0.5,33.3,0.046,,,138.3,0.02,,,,
A1_1_5_2,세정제1,카페트용,비분사형,액체형,0,0,0,0,1,0,거실,,,,,,,,,,,
A1_1_6_1,세정제1,세탁조용,비분사형,액체형,0,0,0,0,1,0,욕실,,,,,,,,319.62,,,
A1_1_6_2,세정제1,세탁조용,비분사형,분말형,0,0,0,0,1,0,욕실,,,,,,,,206.47,,,
A1_1_7_1,세정제1,배수관용,비분사형,액체형,0,0,0,1,1,0,욕실,2,9.3,,98,,39.9,,84.22,,23.08 ,
A1_1_8_1,세정제1,건물 바닥용,분사형,분무기형,1,0,0,0,0,1,전체,0.6,210,0.046,,,11520,0.02,,,,
A1_1_8_2,세정제1,건물 바닥용,분사형,스프레이형,1,0,0,0,0,1,전체,0.6,210,0.1,,,11520,0.3,,,,
A1_1_8_3,세정제1,건물 바닥용,비분사형,액체형,0,0,0,1,1,0,전체,0.6,210,,142,,11520,,,,,
A1_2_9_1,세정제2,구두용,분사형,분무기형,1,0,0,0,0,1,방(침실),1,30.3,0.046,,,440,0.02,,,,
A1_2_9_2,세정제2,구두용,비분사형,액체형,0,0,0,1,1,0,방(침실),1,30.3,,121,,440,,,,,
A1_2_9_3,세정제2,구두용,비분사형,티슈형,0,0,0,1,1,0,방(침실),1,30.3,,121,,440,,,,,
A1_2_10_1,세정제2,가구용,분사형,분무기형,1,0,0,0,0,1,방(침실),1,30.3,0.046,,,440,0.02,,,,
A1_2_10_2,세정제2,가구용,비분사형,액체형,0,0,0,1,1,0,방(침실),1,30.3,,121,,440,,,,,
A1_2_10_3,세정제2,가구용,비분사형,티슈형,0,0,0,1,1,0,방(침실),1,30.3,,121,,440,,,,,
A1_2_11_1,세정제2,악기용,분사형,분무기형,1,0,0,0,0,1,방(침실),1,30.3,0.046,,,440,0.02,,,,
A1_2_11_2,세정제2,악기용,비분사형,액체형,0,0,0,1,1,0,방(침실),1,30.3,,121,,440,,,,,
A1_2_11_3,세정제2,악기용,비분사형,티슈형,0,0,0,1,1,0,방(침실),1,30.3,,121,,440,,,,,
A1_2_12_1,세정제2,기타표면세정용,분사형,분무기형,1,0,0,0,0,1,방(침실),1,30.3,0.046,,,440,0.02,,,,
A1_2_12_2,세정제2,기타표면세정용,비분사형,액체형,0,0,0,1,1,0,방(침실),1,30.3,,121,,440,,,,,
A1_2_12_3,세정제2,기타표면세정용,비분사형,티슈형,0,0,0,1,1,0,방(침실),1,30.3,,121,,440,,,,,
A1_2_13_1,세정제2,자동차 실내용,분사형,분무기형,1,0,0,0,0,1,자동차,12.5,2.4,0.046,,,44.8,0.02,,,,
A1_2_13_2,세정제2,자동차 실내용,분사형,스프레이형,1,0,0,0,0,1,자동차,12.5,2.4,0.1,,,44.8,0.3,,,,
A1_2_13_3,세정제2,자동차 실내용,비분사형,액체형,0,0,0,1,1,0,자동차,12.5,2.4,,28,,44.8,,,,,
A1_2_14_1,세정제2,자동차 외부용,분사형,분무기형,1,0,0,0,0,1,차고,1.2,33.3,0.046,,,0.7,0.02,,,,
A1_2_14_2,세정제2,자동차 외부용,분사형,스프레이형,1,0,0,0,0,1,차고,1.2,33.3,0.1,,,0.7,0.3,,,,
A1_2_14_3,세정제2,자동차 외부용,비분사형,액체형,0,0,0,1,1,0,차고,1.2,33.3,,121,,0.7,,,,,
A2_1_1,제거제,얼룩제거용,분사형,분무기형,1,0,0,0,0,1,방(침실),1,30.3,0.046,,,440,0.02,,,,
A2_1_2,제거제,얼룩제거용,분사형,스프레이형,1,0,0,0,0,1,방(침실),1,30.3,0.1,,,440,0.3,,,,
A2_1_3,제거제,얼룩제거용,비분사형,고체형,0,0,0,1,1,0,방(침실),1,30.3,,30,,440,,52.88,,,
A2_2_1,제거제,실리콘제거용,비분사형,액체형,0,0,0,1,1,0,방(침실),1,30.3,,30,,440,,,,,
A2_3_1,제거제,접착제제거용,분사형,스프레이형,1,0,0,0,0,1,방(침실),1,30.3,0.1,,,440,0.3,,,,
A2_3_2,제거제,접착제제거용,비분사형,액체형,0,0,0,1,1,0,방(침실),1,30.3,,30,,440,,,,,
A2_4_1,제거제,"타르,기름제거용",분사형,분무기형,1,0,0,0,0,1,방(침실),1,30.3,0.046,,,440,0.02,,,,
A2_5_1,제거제,혈흔제거용,분사형,분무기형,1,0,0,0,0,1,방(침실),1,30.3,0.046,,,440,0.02,,,,
A2_5_2,제거제,혈흔제거용,비분사형,액체형-에멀션형,0,0,0,1,1,0,방(침실),1,30.3,,30,,440,,,,,
B1_1_1,세탁세제,섬유용,비분사형,고체형,0,0,0,1,1,0,욕실,2,9.3,,90,,39.9,,,,,
B1_1_2,세탁세제,섬유용,비분사형,액체형,0,0,0,1,1,0,욕실,2,9.3,,90,,39.9,,,,,
B1_1_3,세탁세제,섬유용,비분사형,분말형,0,0,0,1,1,0,욕실,2,9.3,,90,,39.9,,,,,
B1_1_4,세탁세제,섬유용,비분사형,캡슐형,0,0,0,1,1,0,욕실,2,9.3,,90,,39.9,,,,,
B1_1_5,세탁세제,섬유용,비분사형,티슈형,0,0,0,1,1,0,욕실,2,9.3,,90,,39.9,,,,,
B1_2_1,세탁세제,가죽용,분사형,분무기형,1,0,0,0,0,1,욕실,2,9.3,0.046,,,39.9,0.02,,,,
B1_2_3,세탁세제,가죽용,비분사형,액체형,0,0,0,1,1,0,욕실,2,9.3,,90,,39.9,,,,,
B1_2_4,세탁세제,가죽용,비분사형,분말형,0,0,0,1,1,0,욕실,2,9.3,,90,,39.9,,,,,
B1_2_5,세탁세제,가죽용,비분사형,캡슐형,0,0,0,1,1,0,욕실,2,9.3,,90,,39.9,,,,,
B1_2_6,세탁세제,가죽용,비분사형,티슈형,0,0,0,1,1,0,욕실,2,9.3,,90,,39.9,,6.762,,,
B1_3_1,세탁세제,홈드라이클리닝용,비분사형,액체형,0,0,0,1,1,0,욕실,2,9.3,,90,,39.9,,,,,
B1_4_1,세탁세제,신발용,분사형,분무기형,1,0,0,0,0,1,욕실,2,9.3,0.046,,,39.9,0.02,,,,
B1_4_2,세탁세제,신발용,분사형,스프레이형,1,0,0,0,0,1,욕실,2,9.3,0.1,,,39.9,0.3,,,,
B1_4_3,세탁세제,신발용,비분사형,분말형,0,0,0,1,1,0,욕실,2,9.3,,90,,39.9,,,,,
B1_4_4,세탁세제,신발용,비분사형,고체형,0,0,0,1,1,0,욕실,2,9.3,,90,,39.9,,22.41,,,
B1_5_1,세탁세제,섬유 얼룩제거용,비분사형,액체형,0,0,0,1,1,0,욕실,2,9.3,,90,,39.9,,,,,
B1_5_2,세탁세제,섬유 얼룩제거용,비분사형,분말형,0,0,0,1,1,0,욕실,2,9.3,,90,,39.9,,,,,
B1_5_3,세탁세제,섬유용,분사형,분무기형,1,0,0,0,0,1,욕실,2,9.3,0.046,,,39.9,0.02,,,,
B2_1_1,표백제,섬유용,비분사형,분말형,0,0,0,1,1,0,욕실,2,9.3,,30,,39.9,,,,,
B2_1_2,표백제,섬유용,비분사형,액체형,0,0,0,1,1,0,욕실,2,9.3,,30,,39.9,,,,,
B2_2_1,표백제,가죽용,비분사형,분말형,0,0,0,1,1,0,욕실,2,9.3,,30,,39.9,,,,,
B2_2_2,표백제,가죽용,비분사형,액체형,0,0,0,1,1,0,욕실,2,9.3,,30,,39.9,,,,,
B2_3_1,표백제,신발용,비분사형,분말형,0,0,0,1,1,0,욕실,2,9.3,,30,,39.9,,,,,
B2_3_2,표백제,신발용,비분사형,액체형,0,0,0,1,1,0,욕실,2,9.3,,30,,39.9,,,,,
B3_1_1,섬유유연제,섬유용,비분사형,액체형,0,0,0,1,1,0,욕실,2,9.3,,23,,39.9,,,,,
B3_1_2,섬유유연제,섬유용,비분사형,시트형,0,0,0,1,1,0,욕실,2,9.3,,23,,39.9,,5.08,,,
B3_2_1,섬유유연제,가죽용,비분사형,액체형-에멀션형,0,0,0,1,1,0,욕실,2,9.3,,23,,39.9,,,,,
B3_3_1,섬유유연제,신발용,비분사형,액체형,0,0,0,1,1,0,욕실,2,9.3,,23,,39.9,,,,,
C1_1_1,광택 코팅제,고무용,분사형,스프레이형,1,0,0,0,0,1,거실,0.5,33.3,0.1,,,138.3,0.3,,,,
C1_1_2,광택 코팅제,고무용,분사형,분무기형,1,0,0,0,0,1,거실,0.5,33.3,0.046,,,138.3,0.02,,,,
C1_1_3,광택 코팅제,고무용,비분사형,액체형,0,0,0,1,1,0,거실,0.5,33.3,,45,,138.3,,,,,
C1_2_1,광택 코팅제,목재용,분사형,스프레이형,1,0,0,0,0,1,거실,0.5,33.3,0.1,,,138.3,0.3,,,,
C1_2_2,광택 코팅제,목재용,분사형,분무기형,1,0,0,0,0,1,거실,0.5,33.3,0.046,,,138.3,0.02,,,,
C1_2_3,광택 코팅제,목재용,비분사형,액체형,0,0,0,1,1,0,거실,0.5,33.3,,45,,138.3,,,,,
C1_3_1,광택 코팅제,플라스틱용,비분사형,액체형,0,0,0,1,1,0,거실,0.5,33.3,,45,,138.3,,,,,
C1_4_1,광택 코팅제,가죽용,분사형,스프레이형,1,0,0,0,0,1,거실,0.5,33.3,0.1,,,138.3,0.3,,,,
C1_4_2,광택 코팅제,가죽용,분사형,분무기형,1,0,0,0,0,1,거실,0.5,33.3,0.046,,,138.3,0.02,,,,
C1_4_3,광택 코팅제,가죽용,비분사형,액체형,0,0,0,1,1,0,거실,0.5,33.3,,45,,138.3,,,,,
C1_4_4,광택 코팅제,가죽용,비분사형,티슈형,0,0,0,1,1,0,거실,0.5,33.3,,45,,138.3,,,,,
C1_5_1,광택 코팅제,금속용,분사형,스프레이형,1,0,0,0,0,1,거실,0.5,33.3,0.1,,,138.3,0.3,,,,
C1_5_2,광택 코팅제,금속용,분사형,분무기형,1,0,0,0,0,1,거실,0.5,33.3,0.046,,,138.3,0.02,,,,
C1_5_3,광택 코팅제,금속용,비분사형,액체형,0,0,0,1,1,0,거실,0.5,33.3,,45,,138.3,,,,,
C1_6_1,광택 코팅제,석재(시멘트)용,비분사형,액체형,0,0,0,1,1,0,거실,0.5,33.3,,45,,138.3,,,,,
C1_7_1,광택 코팅제,자동차 실내용,분사형,스프레이형,1,0,0,0,0,1,자동차,12.5,2.4,0.1,,,44.8,0.3,,,,
C1_7_2,광택 코팅제,자동차 실내용,분사형,분무기형,1,0,0,0,0,1,자동차,12.5,2.4,0.046,,,44.8,0.02,,,,
C1_7_3,광택 코팅제,자동차 실내용,비분사형,액체형,0,0,0,1,1,0,자동차,12.5,2.4,,45,,44.8,,,,,
C1_7_4,광택 코팅제,자동차 실내용,비분사형,티슈형,0,0,0,1,1,0,자동차,12.5,2.4,,45,,44.8,,,,,
C1_8_1,광택 코팅제,자동차 외부용,분사형,스프레이형,1,0,0,0,0,1,차고,1.2,33.3,0.1,,,0.7,0.3,,,,
C1_8_2,광택 코팅제,자동차 외부용,분사형,분무기형,1,0,0,0,0,1,차고,1.2,33.3,0.046,,,0.7,0.02,,,,
C1_8_3,광택 코팅제,자동차 외부용,비분사형,액체형,0,0,0,1,1,0,차고,1.2,33.3,,60,,0.7,,,,,
C1_8_4,광택 코팅제,자동차 외부용,비분사형,티슈형,0,0,0,1,1,0,차고,1.2,33.3,,60,,0.7,,,,,
C2_1_1,특수 목적 코팅제,발수용,분사형,스프레이형,1,0,0,0,0,1,거실,0.5,33.3,0.1,,,138.3,0.3,,,,
C2_1_2,특수 목적 코팅제,발수용,분사형,분무기형,1,0,0,0,0,1,거실,0.5,33.3,0.046,,,138.3,0.02,,,,
C2_1_3,특수 목적 코팅제,발수용,비분사형,액체형,0,0,0,1,1,0,거실,0.5,33.3,,30,,138.3,,,,,
C2_2_1,특수 목적 코팅제,오염 방지용,분사형,스프레이형,1,0,0,0,0,1,거실,0.5,33.3,0.1,,,138.3,0.3,,,,
C2_2_2,특수 목적 코팅제,오염 방지용,분사형,분무기형,1,0,0,0,0,1,거실,0.5,33.3,0.046,,,138.3,0.02,,,,
C2_2_3,특수 목적 코팅제,오염 방지용,비분사형,액체형,0,0,0,1,1,0,거실,0.5,33.3,,30,,138.3,,,,,
C2_3_1,특수 목적 코팅제,정전기방지용,분사형,스프레이형,1,0,0,0,0,1,거실,0.5,33.3,0.1,,,138.3,0.3,,,,
C2_3_2,특수 목적 코팅제,정전기방지용,분사형,분무기형,1,0,0,0,0,1,거실,0.5,33.3,0.046,,,138.3,0.02,,,,
C2_3_3,특수 목적 코팅제,정전기방지용,비분사형,액체형,0,0,0,1,1,0,거실,0.5,33.3,,30,,138.3,,,,,
C2_4_1,특수 목적 코팅제,미끄럼방지용,분사형,스프레이형,1,0,0,0,0,1,거실,0.5,33.3,0.1,,,138.3,0.3,,,,
C2_4_2,특수 목적 코팅제,미끄럼방지용,분사형,분무기형,1,0,0,0,0,1,거실,0.5,33.3,0.046,,,138.3,0.02,,,,
C2_4_3,특수 목적 코팅제,미끄럼방지용,비분사형,액체형,0,0,0,1,1,0,거실,0.5,33.3,,30,,138.3,,,,,
C2_5_1,특수 목적 코팅제,표면보호용,분사형,스프레이형,1,0,0,0,0,1,거실,0.5,33.3,0.1,,,138.3,0.3,,,,
C2_5_2,특수 목적 코팅제,표면보호용,분사형,분무기형,1,0,0,0,0,1,거실,0.5,33.3,0.046,,,138.3,0.02,,,,
C2_5_3,특수 목적 코팅제,표면보호용,비분사형,액체형,0,0,0,1,1,0,거실,0.5,33.3,,30,,138.3,,,,,
C2_6_1,특수 목적 코팅제,"김서림방지용 (유리용, 거울용, 렌즈용)",분사형,스프레이형,1,0,0,0,0,1,거실,0.5,33.3,0.1,,,138.3,0.3,,,,
C2_6_2,특수 목적 코팅제,"김서림방지용 (유리용, 거울용, 렌즈용)",분사형,분무기형,1,0,0,0,0,1,거실,0.5,33.3,0.046,,,138.3,0.02,,,,
C2_6_3,특수 목적 코팅제,"김서림방지용 (유리용, 거울용, 렌즈용)",비분사형,액체형,0,0,0,1,1,0,거실,0.5,33.3,,30,,138.3,,,,,
C2_6_4,특수 목적 코팅제,"김서림방지용 (유리용, 거울용, 렌즈용)",비분사형,티슈형,0,0,0,1,1,0,거실,0.5,33.3,,30,,138.3,,,,,
C2_7_1,특수 목적 코팅제,자동차 실내용,분사형,분무기형,1,0,0,0,0,1,자동차,12.5,2.4,0.046,,,44.8,0.02,,,,
C2_7_3,특수 목적 코팅제,자동차 실내용,비분사형,액체형,0,0,0,1,1,0,자동차,12.5,2.4,,30,,44.8,,,,,
C2_7_4,특수 목적 코팅제,자동차 실내용,비분사형,티슈형,0,0,0,1,1,0,자동차,12.5,2.4,,30,,44.8,,,,,
C2_8_1,특수 목적 코팅제,자동차 외부용,분사형,분무기형,1,0,0,0,0,1,차고,1.2,33.3,0.046,,,0.7,0.02,,,,
C2_8_3,특수 목적 코팅제,자동차 외부용,비분사형,액체형,0,0,0,1,1,0,차고,1.2,33.3,,20,,0.7,,,,,
C2_8_4,특수 목적 코팅제,자동차 외부용,비분사형,티슈형,0,0,0,1,1,0,차고,1.2,33.3,,20,,0.7,,,,,
C3_1_1,녹방지제,차량용,분사형,분무기형,1,0,0,0,0,1,차고,1.2,33.3,0.046,,,0.7,0.02,,,,
C3_1_3,녹방지제,차량용,비분사형,액체형,0,0,0,0,1,0,차고,,,,,,,,,,,
C3_1_4,녹방지제,차량용,분사형,스프레이형,1,0,0,0,0,1,차고,1.2,33.3,0.1,,,0.7,0.3,,,,
C3_2_1,녹방지제,악기용,분사형,분무기형,1,0,0,0,0,1,방(침실),1,30.3,0.046,,,440,0.02,,,,
C3_2_3,녹방지제,악기용,비분사형,액체형,0,0,0,1,1,0,방(침실),1,30.3,,40,,440,,,,,
C3_2_4,녹방지제,악기용,분사형,스프레이형,1,0,0,0,0,1,방(침실),1,30.3,0.1,,,440,0.3,,,,
C3_3_1,녹방지제,레저용,분사형,분무기형,1,0,0,0,0,1,방(침실),1,30.3,0.046,,,440,0.02,,,,
C3_3_3,녹방지제,레저용,비분사형,액체형,0,0,0,1,1,0,방(침실),1,30.3,,40,,440,,,,,
C3_3_4,녹방지제,레저용,분사형,스프레이형,1,0,0,0,0,1,방(침실),1,30.3,0.1,,,440,0.3,,,,
C3_4_1,녹방지제,공구용,분사형,분무기형,1,0,0,0,0,1,방(침실),1,30.3,0.046,,,440,0.02,,,,
C3_4_3,녹방지제,공구용,비분사형,액체형,0,0,0,1,1,0,방(침실),1,30.3,,40,,440,,,,,
C3_4_4,녹방지제,공구용,분사형,스프레이형,1,0,0,0,0,1,방(침실),1,30.3,0.1,,,440,0.3,,,,
C3_5_1,녹방지제,금속용,분사형,분무기형,1,0,0,0,0,1,방(침실),1,30.3,0.046,,,440,0.02,,,,
C3_5_3,녹방지제,금속용,비분사형,액체형,0,0,0,1,1,0,방(침실),1,30.3,,40,,440,,,,,
C3_5_4,녹방지제,금속용,분사형,스프레이형,1,0,0,0,0,1,방(침실),1,30.3,0.1,,,440,0.3,,,,
C4_1_1,다림질 보조제,의류용,분사형,분무기형,1,0,0,0,0,1,방(침실),1,30.3,0.046,,,440,0.02,,,,
C4_1_2,다림질 보조제,의류용,분사형,스프레이형,1,0,0,0,0,1,방(침실),1,30.3,0.1,,,440,0.3,,,,
C4_2_1,다림질 보조제,섬유용,분사형,분무기형,1,0,0,0,0,1,방(침실),1,30.3,0.046,,,440,0.02,,,,
C4_2_2,다림질 보조제,섬유용,분사형,스프레이형,1,0,0,0,0,1,방(침실),1,30.3,0.1,,,440,0.3,,,,
D1_1_1,접착제,일반용,분사형,스프레이형,1,0,0,0,0,1,방(침실),1,30.3,0.1,,,440,0.3,,,,
D1_1_2,접착제,일반용,분사형,분무기형,1,0,0,0,0,1,방(침실),1,30.3,0.046,,,440,0.02,,,,
D1_1_3,접착제,일반용,비분사형,액체형,0,0,0,1,1,0,방(침실),1,30.3,,60,,440,,,,,
D1_2_1,접착제,"순간, 강력용",분사형,스프레이형,1,0,0,0,0,1,방(침실),1,30.3,0.1,,,440,0.3,,,,
D1_2_2,접착제,"순간, 강력용",분사형,분무기형,1,0,0,0,0,1,방(침실),1,30.3,0.046,,,440,0.02,,,,
D1_2_3,접착제,"순간, 강력용",비분사형,액체형,0,0,0,1,1,0,방(침실),1,30.3,,60,,440,,,,,
D1_3_1,접합제,틈새 충진용,비분사형,액체형,0,0,0,1,1,0,방(침실),1,30.3,,180,,440,,,,,
D1_3_2,접합제,틈새 충진용,분사형,스프레이형,1,0,0,0,0,1,방(침실),1,30.3,0.1,,,440,0.3,,,,
D1_4_1,접합제,이음매접합용,비분사형,액체형,0,0,0,1,1,0,방(침실),1,30.3,,180,,440,,,,,
D1_4_2,접합제,이음매접합용,분사형,스프레이형,1,0,0,0,0,1,방(침실),1,30.3,0.1,,,440,0.3,,,,
D1_5_1,접합제,흠집충진용,비분사형,액체형,0,0,0,1,1,0,방(침실),1,30.3,,180,,440,,,,,
D1_5_2,접합제,흠집충진용,분사형,스프레이형,1,0,0,0,0,1,방(침실),1,30.3,0.1,,,440,0.3,,,,
E1_1_1,방향제,자동차용(실내용),분사형,스프레이형,1,0,0,0,0,1,자동차,12.5,2.4,0.1,,,44.8,0.3,,,,
E1_1_2,방향제,자동차용(실내용),분사형,분무기형,1,0,0,0,0,1,자동차,12.5,2.4,0.046,,,44.8,0.9,,,,
E1_1_3,방향제,자동차용(실내용),비분사형,액체형,0,0,1,0,0,0,자동차,12.5,2.4,,257,0.0032,44.8,,,1,,
E1_1_4,방향제,자동차용(실내용),비분사형,고체형,0,0,1,0,0,0,자동차,12.5,2.4,,257,0.0028,44.8,,,1,,
E1_2_1,방향제,일반용(실내공간),분사형,스프레이형,1,0,0,0,0,1,방(침실),1,30.3,0.1,,,440,0.9,,,,
E1_2_2,방향제,일반용(실내공간),분사형,분무기형,1,0,0,0,0,1,방(침실),1,30.3,0.046,,,440,0.9,,,,
E1_2_3,방향제,일반용(실내공간),비분사형,액체형,0,0,1,0,0,0,방(침실),1,30.3,,257,0.0066,440,,,1,,
E1_2_4,방향제,일반용(실내공간),비분사형,고체형,0,0,1,0,0,0,방(침실),1,30.3,,257,0.0093,440,,,1,,
E1_3_1,방향제,일반용(섬유),분사형,분무기형,1,0,0,0,0,1,방(침실),1,30.3,0.046,,,440,0.02,,,,
E1_4_1,방향제,일반용(가죽),분사형,분무기형,1,0,0,0,0,1,방(침실),1,30.3,0.046,,,440,0.02,,,,
E1_5_1,탈취제,자동차용(실내용),분사형,스프레이형,1,0,0,0,0,1,자동차,12.5,2.4,0.1,,,44.8,0.9,,,,
E1_5_2,탈취제,자동차용(실내용),분사형,분무기형,1,0,0,0,0,1,자동차,12.5,2.4,0.046,,,44.8,0.9,,,,
E1_5_3,탈취제,자동차용(실내용),비분사형,액체형,0,0,1,0,0,0,자동차,12.5,2.4,,257,0.0032,44.8,,,1,,
E1_5_4,탈취제,자동차용(실내용),비분사형,고체형,0,0,1,0,0,0,자동차,12.5,2.4,,257,0.0028,44.8,,,1,,
E1_6_1,탈취제,일반용(실내공간),분사형,스프레이형,1,0,0,0,0,1,방(침실),1,30.3,0.1,,,440,0.9,,,,
E1_6_2,탈취제,일반용(실내공간),분사형,분무기형,1,0,0,0,0,1,방(침실),1,30.3,0.046,,,440,0.9,,,,
E1_6_3,탈취제,일반용(실내공간),비분사형,액체형,0,0,1,0,0,0,방(침실),1,30.3,,257,0.0066,440,,,1,,
E1_6_4,탈취제,일반용(실내공간),비분사형,고체형,0,0,1,0,0,0,방(침실),1,30.3,,257,0.0056,440,,,1,,
E1_7_1,탈취제,일반용(물체),분사형,스프레이형,1,0,0,0,0,1,방(침실),1,30.3,0.1,,,440,0.3,,,,
E1_7_2,탈취제,일반용(물체),분사형,분무기형,1,0,0,0,0,1,방(침실),1,30.3,0.046,,,440,0.02,,,,
E1_7_3,탈취제,일반용(물체),비분사형,액체형,0,0,1,0,0,0,방(침실),1,30.3,,257,0.0044,440,,,1,,
E1_7_4,탈취제,일반용(물체),비분사형,고체형,0,0,1,0,0,0,방(침실),1,30.3,,257,0.0128,440,,,1,,
F1_1_1,물체 염색제,의류용,비분사형,액체형,0,0,0,1,1,0,거실,0.5,33.3,,60,,138.3,,,,,
F1_1_2,물체 염색제,의류용,비분사형,고체형,0,0,0,1,1,0,거실,0.5,33.3,,60,,138.3,,0.19,,,
F1_1_3,물체 염색제,의류용,비분사형,분말형,0,0,0,1,1,0,거실,0.5,33.3,,60,,138.3,,,,,
F1_2_1,물체 염색제,섬유용,비분사형,액체형,0,0,0,1,1,0,거실,0.5,33.3,,60,,138.3,,,,,
F1_2_2,물체 염색제,섬유용,비분사형,고체형,0,0,0,1,1,0,거실,0.5,33.3,,60,,138.3,,0.19,,,
F1_2_3,물체 염색제,섬유용,비분사형,분말형,0,0,0,1,1,0,거실,0.5,33.3,,60,,138.3,,,,,
F1_3_1,물체 염색제,신발용,비분사형,액체형,0,0,0,1,1,0,거실,0.5,33.3,,60,,138.3,,,,,
F1_3_2,물체 염색제,신발용,비분사형,고체형,0,0,0,1,1,0,거실,0.5,33.3,,60,,138.3,,0.19,,,
F1_3_3,물체 염색제,신발용,비분사형,분말형,0,0,0,1,1,0,거실,0.5,33.3,,60,,138.3,,,,,
F1_3_4,물체 염색제,신발용,분사형,스프레이형,1,0,0,0,0,1,거실,0.5,33.3,0.1,,,138.3,0.3,,,,
F1_4_1,물체 염색제,가죽용,비분사형,액체형,0,0,0,1,1,0,거실,0.5,33.3,,60,,138.3,,,,,
F1_4_2,물체 염색제,가죽용,분사형,스프레이형,1,0,0,0,0,1,거실,0.5,33.3,0.1,,,138.3,0.3,,,,
F1_5_1,물체 도색제,자동차용(실내용),분사형,스프레이형,1,0,0,0,0,1,자동차,12.5,2.4,0.1,,,44.8,0.3,,,,
F1_6_1,물체 도색제,자동차용(외부용),분사형,스프레이형,1,0,0,0,0,1,차고,1.2,33.3,0.1,,,0.7,0.3,,,,
F1_7_1,물체 도색제,일반용(목재),분사형,스프레이형,1,0,0,0,0,1,창고,1.5,210,0.1,,,3.1,0.3,,,,
F1_8_1,물체 도색제,일반용(플라스틱),분사형,스프레이형,1,0,0,0,0,1,창고,1.5,210,0.1,,,3.1,0.3,,,,
F1_9_1,물체 도색제,일반용(금속),분사형,스프레이형,1,0,0,0,0,1,창고,1.5,210,0.1,,,3.1,0.3,,,,
F1_10_1,물체 도색제,일반용(유리),분사형,스프레이형,1,0,0,0,0,1,창고,1.5,210,0.1,,,3.1,0.3,,,,
F1_11_1,물체 도색제,일반용(석재),분사형,스프레이형,1,0,0,0,0,1,창고,1.5,210,0.1,,,3.1,0.3,,,,
F1_12_1,물체 도색제,일반용(가죽),분사형,스프레이형,1,0,0,0,0,1,창고,1.5,210,0.1,,,3.1,0.3,,,,
G1_1_1,자동차용 워셔액,일반용,비분사형,액체형,0,0,0,1,1,0,차고,1.2,33.3,,28,,0.7,,152.66,,,
G1_2_1,자동차용 워셔액,발수성용,비분사형,액체형,0,0,0,1,1,0,차고,1.2,33.3,,28,,0.7,,152.66,,,
G1_3_1,자동차용 부동액,차량용 (에틸렌글리콜형),비분사형,액체형,0,0,0,0,1,0,차고,,,,,,,,1480,,,
G1_4_1,자동차용 부동액,차량용 (프로필렌글리콜형),비분사형,액체형,0,0,0,0,1,0,차고,,,,,,,,1480,,,
I1_1_1,미용 접착제,가발용,비분사형,액체형,0,0,0,1,1,0,방(침실),1,30.3,,60,,440,,0.1,,,
I1_3_1,미용 접착제,가속눈썹용,비분사형,액체형,0,0,0,0,0,0,방(침실),1,30.3,,60,,440,,0.00238,,,
I1_4_1,미용 접착제,쌍꺼풀용,비분사형,액체형,0,0,0,0,0,0,방(침실),1,30.3,,60,,440,,0.00231,,,
I1_5_1,미용 접착제,"손톱,발톱용",비분사형,액체형,0,0,0,0,0,0,방(침실),1,30.3,,60,,440,,8.97,,,
J1_1_4_1,살균제1,공기소독용,분사형,분무기형,1,0,0,0,0,1,거실,0.5,33.3,0.046,,,138.3,0.02,,,,
J1_1_6_1,살균제1,"칫솔, 혀크리너 살균용",분사형,분무기형,1,0,0,0,0,1,욕실,2,9.3,0.046,,,39.9,0.02,,,,
J1_1_6_2,살균제1,"칫솔, 혀크리너 살균용",비분사형,액체형,0,0,0,1,1,0,욕실,2,9.3,,142,,39.9,,,,,
J1_1_8_1,살균제1,감염병 예방용 살균 소독제,비분사형,액체형,0,0,0,1,1,0,거실,0.5,33.3,,142,,138.3,,93.56,,,
J1_1_8_2,살균제1,감염병 예방용 살균 소독제,분사형,분무기형,1,0,0,0,0,1,거실,0.5,33.3,0.046,,,138.3,0.9,,,,
J1_1_9_1,살균제1,기타 방역용 소독제,분사형,연무형,1,0,0,0,0,1,거실,0.5,33.3,0.1,,,138.3,0.9,,,,
K1_3_1,기피제,날벌레용,분사형,분무기형,1,0,0,0,0,1,방(침실),1,30.3,0.046,,,440,0.9,,,,
K1_3_2,기피제,날벌레용,분사형,스프레이형,1,0,0,0,0,1,방(침실),1,30.3,0.1,,,440,0.3,,,,
K2_7_1,살충제,감염병 예방용(방역용) 살충제,분사형,연무형,1,0,0,0,0,1,실외,23.32,1.00E+11,0.1,,,11520,0.9,,,,
L1_1_1,보존제,제품보존용 보존제,분사형,스프레이형,1,0,0,0,0,1,거실,0.5,33.3,0.1,,,138.3,0.3,,,,
L1_1_2,보존제,제품보존용 보존제,분사형,분무기형,1,0,0,0,0,1,거실,0.5,33.3,0.046,,,138.3,0.02,,,,
L1_1_3,보존제,제품보존용 보존제,비분사형,액체형,0,0,0,1,1,0,거실,0.5,33.3,,60,,138.3,,,,,
L1_2_1,보존제,제품표면처리용 보존제,분사형,스프레이형,1,0,0,0,0,1,거실,0.5,33.3,0.1,,,138.3,0.3,,,,
L1_2_2,보존제,제품표면처리용 보존제,분사형,분무기형,1,0,0,0,0,1,거실,0.5,33.3,0.046,,,138.3,0.02,,,,
L1_2_3,보존제,제품표면처리용 보존제,비분사형,액체형,0,0,0,1,1,0,거실,0.5,33.3,,60,,138.3,,,,,
L1_3_1,보존제,섬유ㆍ가죽류용 보존제,분사형,스프레이형,1,0,0,0,0,1,거실,0.5,33.3,0.1,,,138.3,0.3,,,,
L1_3_2,보존제,섬유ㆍ가죽류용 보존제,분사형,분무기형,1,0,0,0,0,1,거실,0.5,33.3,0.046,,,138.3,0.02,,,,
L1_3_3,보존제,섬유ㆍ가죽류용 보존제,비분사형,액체형,0,0,0,1,1,0,거실,0.5,33.3,,60,,138.3,,,,,
L1_4_1,보존제,목재용 보존제,분사형,스프레이형,1,0,0,0,0,1,거실,0.5,33.3,0.1,,,138.3,0.3,,,,
L1_4_2,보존제,목재용 보존제,분사형,분무기형,1,0,0,0,0,1,거실,0.5,33.3,0.046,,,138.3,0.02,,,,
L1_4_3,보존제,목재용 보존제,비분사형,액체형,0,0,0,1,1,0,거실,0.5,33.3,,60,,138.3,,,,,
L1_5_1,보존제,건축자재용 보존제,분사형,스프레이형,1,0,0,0,0,1,거실,0.5,33.3,0.1,,,138.3,0.3,,,,
L1_5_2,보존제,건축자재용 보존제,분사형,분무기형,1,0,0,0,0,1,거실,0.5,33.3,0.046,,,138.3,0.02,,,,
L1_5_3,보존제,건축자재용 보존제,비분사형,액체형,0,0,0,1,1,0,거실,0.5,33.3,,60,,138.3,,,,,
L1_6_1,보존제,재료ㆍ장비용 보존제,분사형,스프레이형,1,0,0,0,0,1,거실,0.5,33.3,0.1,,,138.3,0.3,,,,
L1_6_2,보존제,재료ㆍ장비용 보존제,분사형,분무기형,1,0,0,0,0,1,거실,0.5,33.3,0.046,,,138.3,0.02,,,,
L1_6_3,보존제,재료ㆍ장비용 보존제,비분사형,액체형,0,0,0,1,1,0,거실,0.5,33.3,,60,,138.3,,,,,
L1_7_1,보존제,사체ㆍ박제용 보존제,분사형,스프레이형,1,0,0,0,0,1,거실,0.5,33.3,0.1,,,138.3,0.3,,,,
L1_7_3,보존제,사체ㆍ박제용 보존제,비분사형,액체형,0,0,0,1,1,0,거실,0.5,33.3,,60,,138.3,,,,,
L1_8_1,필터형 보존처리 제품,공기청정기용,비분사형,필터형,0,1,0,0,0,0,거실,0.5,33.3,,,,138.3,,300,,,
L1_9_1,필터형 보존처리 제품,에어컨용,비분사형,필터형,0,1,0,0,0,0,거실,0.5,33.3,,,,138.3,,300,,,
M1_1_1,초,발광용,비분사형,고체형,0,1,0,0,0,0,거실,0.5,33.3,,,,138.3,,9.555693,,,
M1_2_1,초,방향용,비분사형,고체형,0,1,0,0,0,0,거실,0.5,33.3,,,,138.3,,9.555693,,,
M1_3_1,습기 제거제,실내공간용,비분사형,고체형,0,0,1,0,0,0,방(침실),1,30.3,,257,0.0148,440,,,,,
M1_4_1,습기 제거제,가구용,비분사형,고체형,0,0,1,0,0,0,방(침실),1,30.3,,257,0.0147,440,,,,,
M1_5_1,인공 눈 스프레이,행사용,분사형,스프레이형,1,0,0,0,0,1,거실,0.5,33.3,0.1,,,138.3,0.9,,,,
J1_1_1_1,살균제1,일반물체용-다용도,비분사형,액체형,0,0,0,1,1,0,방(침실),1,30.3,,142,,440,,93.56,,,
J1_1_1_3,살균제1,일반물체용-다용도,분사형,분무기형,1,0,0,0,0,1,방(침실),1,30.3,0.046,,,440,0.02,2.26,,,
J1_1_1_4,살균제1,일반물체용-다용도,분사형,분무기폼형,1,0,0,0,0,1,방(침실),1,30.3,0.046,,,440,0.02,6.75,,,
J1_1_1_6,살균제1,일반물체용-다용도,비분사형,티슈형,0,0,0,1,1,0,방(침실),1,30.3,,142,,440,,10.54,,,
J1_1_2_1,살균제1,배수관(배수구용),분사형,분무기형,1,0,0,0,0,1,욕실,2,9.3,0.046,,,39.9,0.02,6.59,,,
J1_1_2_2,살균제1,배수관(배수구용),분사형,분무기폼형,1,0,0,0,0,1,욕실,2,9.3,0.046,,,39.9,0.02,7.12,,,
J1_1_2_3,살균제1,배수관(배수구용),비분사형,액체형,0,0,0,1,1,0,욕실,2,9.3,,142,,39.9,,237.03,,,
J1_1_2_5,살균제1,배수관(배수구용),비분사형,분말형,0,0,0,1,1,0,욕실,2,9.3,,142,,39.9,,39.97,,,
J1_1_3_1,살균제1,곰팡이제거용,비분사형,액체형_액상형,0,0,0,1,1,0,욕실,2,9.3,,142,,39.9,,181.62,,,
J1_1_3_2,살균제1,곰팡이제거용,비분사형,액체형_겔형,0,0,0,1,1,0,욕실,2,9.3,,142,,39.9,,21.86,,,
J1_1_3_4,살균제1,곰팡이제거용,분사형,분무기형,1,0,0,0,0,1,욕실,2,9.3,0.046,,,39.9,0.02,8.86,,,
J1_1_3_5,살균제1,곰팡이제거용,분사형,분무기폼형,1,0,0,0,0,1,욕실,2,9.3,0.046,,,39.9,0.02,11.56,,,
J1_1_3_6,살균제1,곰팡이제거용,분사형,스프레이형,1,0,0,0,0,1,욕실,2,9.3,0.1,,,39.9,0.3,64.21,,,
J1_1_5_2,살균제1,어린이용품전용,분사형,분무기형,1,0,0,0,0,1,방(침실),1,30.3,0.046,,,440,0.02,7.23,,,
J1_1_5_3,살균제1,어린이용품전용,분사형,분무기폼형,1,0,0,0,0,1,방(침실),1,30.3,0.046,,,440,0.02,7.8,,,
J1_1_5_4,살균제1,어린이용품전용,비분사형,티슈형,0,0,0,1,1,0,방(침실),1,30.3,,142,,440,,10.41,,,
J1_2_1_1,살균제2,주방살균용,비분사형,액체형,0,0,0,1,1,0,주방,2.5,24.5,,142,,46.2,,92.05,,,
J1_2_1_2,살균제2,주방살균용,분사형,분무기형,1,0,0,0,0,1,주방,2.5,24.5,0.046,,,46.2,0.02,6.54,,,
J1_2_1_3,살균제2,주방살균용,비분사형,분말형,0,0,0,1,1,0,주방,2.5,24.5,,142,,46.2,,7.05,,,
J1_2_1_4,살균제2,주방살균용,분사형,분무기폼형,1,0,0,0,0,1,주방,2.5,24.5,0.046,,,46.2,0.02,7.65,,,
J1_2_2_1,살균제2,욕실살균용,비분사형,액체형,0,0,0,1,1,0,욕실,2,9.3,,142,,39.9,,110.9,,,
J1_2_2_2,살균제2,욕실살균용,분사형,분무기형,1,0,0,0,0,1,욕실,2,9.3,0.046,,,39.9,0.02,11.91,,,
J1_2_2_3,살균제2,욕실살균용,분사형,분무기폼형,1,0,0,0,0,1,욕실,2,9.3,0.046,,,39.9,0.02,8.86,,,
J1_2_2_4,살균제2,욕실살균용,분사형,스프레이형,1,0,0,0,0,1,욕실,2,9.3,0.1,,,39.9,0.3,71.47,,,
J1_2_2_5,살균제2,욕실살균용,비분사형,분말형,0,0,0,1,1,0,욕실,2,9.3,,142,,39.9,,8.15,,,
J1_2_3_1,살균제2,변기살균용,비분사형,액체형_액상형,0,0,0,1,1,0,욕실,2,9.3,,142,,39.9,,141.53,,,
J1_2_3_2,살균제2,변기살균용,비분사형,액체형_겔형,0,0,0,1,1,0,욕실,2,9.3,,142,,39.9,,15.75,,,
J1_2_3_4,살균제2,변기살균용,분사형,분무기폼형,1,0,0,0,0,1,욕실,2,9.3,0.046,,,39.9,0.02,6.46,,,
J1_2_3_5,살균제2,변기살균용,비분사형,분말형,0,0,0,1,1,0,욕실,2,9.3,,142,,39.9,,50.54,,,
J1_2_4_1,살균제2,에어컨살균용_가정용,분사형,분무기형,1,0,0,0,0,1,거실,0.5,33.3,0.046,,,138.3,0.02,3.81,,,
J1_2_4_2,살균제2,에어컨살균용_가정용,분사형,스프레이형,1,0,0,0,0,1,거실,0.5,33.3,0.1,,,138.3,0.3,110.85,,,
J1_2_4_3,살균제2,에어컨살균용_차량용,분사형,분무기형,1,0,0,0,0,1,자동차,12.5,2.4,0.046,,,44.8,0.02,8.14,,,
J1_2_4_4,살균제2,에어컨살균용_차량용,분사형,스프레이형,1,0,0,0,0,1,자동차,12.5,2.4,0.1,,,44.8,0.3,52.38,,,
J1_2_4_5,살균제2,에어컨살균용_차량용,비분사형,훈증형,0,1,0,0,0,0,자동차,12.5,2.4,,,,44.8,,14.59,,,
J1_2_5_1,살균제2,반려동물위생살균용,비분사형,액체형,0,0,0,1,1,0,방(침실),1,30.3,,142,,440,,61.14,,,
J1_2_5_2,살균제2,반려동물위생살균용,분사형,분무기형,1,0,0,0,0,1,방(침실),1,30.3,0.046,,,440,0.02,3.67,,,
J1_2_5_3,살균제2,반려동물위생살균용,분사형,스프레이형,1,0,0,0,0,1,방(침실),1,30.3,0.1,,,440,0.3,7.02,,,
J1_2_5_4,살균제2,반려동물위생살균용,비분사형,티슈형,0,0,0,1,1,0,방(침실),1,30.3,,142,,440,,10.3,,,
J2_1_1,살조제,수족관및어항용,비분사형,액체형_액상형,0,0,0,0,1,0,방(침실),,,,,,,,60.39,,,
J2_1_3,살조제,수족관및어항용,비분사형,고체형,0,0,0,0,1,0,방(침실),,,,,,,,23.33,,,
J2_1_4,살조제,수족관및어항용,비분사형,분말형,0,0,0,0,1,0,방(침실),,,,,,,,9.78,,,
J2_4_1,살조제,수영장및야외용,비분사형,액체형_액상형,0,0,0,0,1,0,실외,,,,,,,,581.4,,,
J2_4_3,살조제,수영장및야외용,비분사형,고체형,0,0,0,0,1,0,실외,,,,,,,,39.33,,,
J2_4_4,살조제,수영장및야외용,비분사형,분말형,0,0,0,0,1,0,실외,,,,,,,,471.22,,,
J2_5_1,살조제,석재및외벽형용,비분사형,액체형,0,0,0,1,1,0,실외,23.32,1.00E+11,,106,,11520,,107.92,,,
J2_5_2,살조제,석재및외벽형용,분사형,분무기형,1,0,0,0,0,1,실외,23.32,1.00E+11,0.046,,,11520,0.02,11.78,,,
K1_4_1,기피제,모기기피용,분사형,분무기형,1,0,0,0,0,1,실외,23.32,1.00E+11,0.046,,,11520,0.02,1.24,,,
K1_4_2,기피제,모기기피용,분사형,스프레이형,1,0,0,0,0,1,실외,23.32,1.00E+11,0.1,,,11520,0.3,7.74,,,
K1_4_3,기피제,모기기피용,비분사형,패치형,0,0,1,0,1,0,실외,23.32,1.00E+11,,92,0.000809667,11520,,0.01,,,
K1_5_1,기피제,"이불,매트리스등진드기기피용",분사형,분무기형,1,0,0,0,0,1,방(침실),1,30.3,0.046,,,440,0.02,3.28,,,
K1_6_1,기피제,야생진드기기피용,분사형,스프레이형,1,0,0,0,0,1,실외,23.32,1.00E+11,0.1,,,11520,0.3,4.74,,,
K1_6_2,기피제,야생진드기기피용,분사형,분무기형,1,0,0,0,0,1,실외,23.32,1.00E+11,0.1,,,11520,0.02,1.08,,,
K2_1_1,살충제,모기제거용,분사형,스프레이형,1,0,0,0,0,1,거실,0.5,33.3,0.1,,,138.3,0.3,30.87,,,
K2_1_2,살충제,모기제거용,비분사형,콘센트형_매트식,0,1,0,0,0,0,거실,0.5,33.3,,,,138.3,,0.29,,,
K2_1_3,살충제,모기제거용,비분사형,콘센트형_리퀴드식,0,1,0,0,0,0,거실,0.5,33.3,,,,138.3,,0.49,,,
K2_1_4,살충제,모기제거용,비분사형,코일향형,0,1,0,0,0,0,거실,0.5,33.3,,,,138.3,,8.5,,,
K2_2_1,살충제,바퀴벌레제거용,비분사형,액체형,0,0,0,0,1,0,거실,0.5,33.3,,60,0.006084,138.3,,2.13,,,
K2_2_2,살충제,바퀴벌레제거용,분사형,스프레이형,1,0,0,0,0,1,거실,0.5,33.3,0.1,,,138.3,0.3,35.58,,,
K2_2_4,살충제,바퀴벌레제거용,비분사형,훈증형,0,1,0,0,0,0,거실,0.5,33.3,,,,138.3,,201.76,,,
K2_3_1,살충제,파리제거용,분사형,스프레이형,1,0,0,0,0,1,거실,0.5,33.3,0.1,,,138.3,0.3,15.72,,,
K2_3_2,살충제,파리제거용,분사형,분무기형,1,0,0,0,0,1,거실,0.5,33.3,0.046,,,138.3,0.02,1.29,,,
K2_4_1,살충제,집개미제거용,분사형,스프레이형,1,0,0,0,0,1,거실,0.5,33.3,0.1,,,138.3,0.3,23.65,,,
K2_4_2,살충제,집개미제거용,분사형,분무기형,1,0,0,0,0,1,거실,0.5,33.3,0.046,,,138.3,0.02,4.86,,,
K2_4_3,살충제,집개미제거용,비분사형,액체형,0,0,0,0,1,0,거실,0.5,33.3,,60,0.006084,138.3,,2.35,,,
K2_4_4,살충제,집개미제거용,비분사형,분말형,0,0,0,0,1,0,거실,0.5,33.3,,60,0.006084,138.3,,2.65,,,
K2_5_1,살충제,"이불,매트리스등진드기제거용",분사형,스프레이형,1,0,0,0,0,1,방(침실),1,30.3,0.1,,,440,0.3,30.18,,,
K2_5_2,살충제,"이불,매트리스등진드기제거용",분사형,분무기형,1,0,0,0,0,1,방(침실),1,30.3,0.046,,,440,0.02,3.56,,,
K2_6_1,살충제,"빈대,벼룩제거용",분사형,스프레이형,1,0,0,0,0,1,방(침실),1,30.3,0.1,,,440,0.3,25.16,,,
K2_6_2,살충제,"빈대,벼룩제거용",분사형,분무기형,1,0,0,0,0,1,방(침실),1,30.3,0.046,,,440,0.02,3.83,,,
K2_8_1,살서제,가정용 설치류 퇴치용,비분사형,고체형,0,0,0,1,1,0,전체,0.6,210,,60,,11520,,18.95,,,
K2_8_2,살서제,가정용 설치류 퇴치용,비분사형,분말형,0,0,0,1,1,0,전체,0.6,210,,60,,11520,,3.76,,,
K2_8_3,살서제,가정용 설치류 퇴치용,비분사형,액체형,0,0,0,1,1,0,전체,0.6,210,,60,,11520,,61.66,,,
,,,,,,,,,,,,,,,,,,,,,,
,,,,,,,,,,,,,,,,,,,,,,
,,,,,,,,,,,,,,,,,,,,,,
,,,,,,,,,,,,,,,,,,,,,,
,,,,,,,,,,,,,,,,,,,,,,
,,,,,,,,,,,,,,,,,,,,,,
,,,,,,,,,,,,,,,,,,,,,,
,,,,,,,,,,,,,,,,,,,,,,
,,,,,,,,,,,,,,,,,,,,,,
,,,,,,,,,,,,,,,,,,,,,,
,,,,,,,,,,,,,,,,,,,,,,
,,,,,,,,,,,,,,,,,,,,,,
,,,,,,,,,,,,,,,,,,,,,,
,,,,,,,,,,,,,,,,,,,,,,
,,,,,,,,,,,,,,,,,,,,,,
,,,,,,,,,,,,,,,,,,,,,,
